CLUES,Clave_Institucion,Institucion,Clave_Entidad,Entidad,CLAVE DEL MUNICIPIO,MUNICIPIO,CLAVE DE LA LOCALIDAD,LOCALIDAD,NOMBRE DE LA UNIDAD,LATITUD,LONGITUD,Observaciones
ASIST000016,IST,INSTITUTO DE SEGURIDAD Y SERVICIOS SOCIALES PARA LOS TRABAJADORES DEL ESTADO,01,AGUASCALIENTES,001,AGUASCALIENTES,0001,AGUASCALIENTES,HG AGUASCALIENTES,21.901974,-102.307437,
ASSSA000025,SSA,SECRETARIA DE SALUD,01,AGUASCALIENTES,001,AGUASCALIENTES,0001,AGUASCALIENTES,CENTENARIO HOSPITAL MIGUEL HIDALGO,21.875724,-102.296401,
ASSSA000030,SSA,SECRETARIA DE SALUD,01,AGUASCALIENTES,001,AGUASCALIENTES,0001,AGUASCALIENTES,HOSPITAL GENERAL TERCER MILENIO,21.85606,-102.25563,
ASSSA000042,SSA,SECRETARIA DE SALUD,01,AGUASCALIENTES,001,AGUASCALIENTES,0001,AGUASCALIENTES,HOSPITAL DE LA MUJER,21.8568,-102.25279,
ASSSA000404,SSA,SECRETARIA DE SALUD,01,AGUASCALIENTES,003,CALVILLO,0001,CALVILLO,HOSPITAL GENERAL CALVILLO,21.8485,-102.7034,
ASSSA000614,SSA,SECRETARIA DE SALUD,01,AGUASCALIENTES,006,PABELLON DE ARTEAGA,0001,PABELLON DE ARTEAGA,HOSPITAL GENERAL PABELLÓN DE ARTEAGA,22.14987,-102.27952,
ASSSA000655,SSA,SECRETARIA DE SALUD,01,AGUASCALIENTES,007,RINCON DE ROMOS,0001,RINCON DE ROMOS,HOSPITAL GENERAL RINCÓN DE ROMOS,22.2248,-102.3213,
ASSSA001331,SSA,SECRETARIA DE SALUD,01,AGUASCALIENTES,001,AGUASCALIENTES,0001,AGUASCALIENTES,CENTENARIO HOSPITAL MIGUEL HIDALGO,21.8947,-102.2831,
BCSME000024,SME,SERVICIOS MEDICOS ESTATALES,02,BAJA CALIFORNIA,002,MEXICALI,0001,MEXICALI,HOSPITAL ISSSTECALI MEXICALI,32.633369,-115.471421,
BCSME000041,SME,SERVICIOS MEDICOS ESTATALES,02,BAJA CALIFORNIA,004,TIJUANA,0001,TIJUANA,HOSPITAL ISSSTECALI TIJUANA,32.530442,-117.092097,
BCSME000065,SME,SERVICIOS MEDICOS ESTATALES,02,BAJA CALIFORNIA,001,ENSENADA,0001,ENSENADA,HOSPITAL ISSSTECALI ENSENADA,31.851613,-116.614659,
BCSSA000015,SSA,SECRETARIA DE SALUD,02,BAJA CALIFORNIA,001,ENSENADA,0001,ENSENADA,HOSPITAL GENERAL DE ENSENADA,31.825117,-116.600282,
BCSSA000440,SSA,SECRETARIA DE SALUD,02,BAJA CALIFORNIA,002,MEXICALI,0001,MEXICALI,HOSPITAL GENERAL DE MEXICALI,32.644334,-115.476271,
BCSSA000855,SSA,SECRETARIA DE SALUD,02,BAJA CALIFORNIA,003,TECATE,0001,TECATE,HOSPITAL GENERAL DE TECATE,32.5575292,-116.6319713,
BCSSA000913,SSA,SECRETARIA DE SALUD,02,BAJA CALIFORNIA,004,TIJUANA,0001,TIJUANA,HOSPITAL GENERAL TIJUANA,32.5257079,-117.0094107,
BCSSA017590,SSA,SECRETARIA DE SALUD,02,BAJA CALIFORNIA,005,PLAYAS DE ROSARITO,0001,PLAYAS DE ROSARITO,HOSPITAL GENERAL PLAYAS DE ROSARITO,32.3636,-117.0554,
BCSSA018046,SSA,SECRETARIA DE SALUD,02,BAJA CALIFORNIA,002,MEXICALI,0001,MEXICALI,HOSPITAL MATERNO INFANTIL,32.6239,-115.3756,
BSSSA000011,SSA,SECRETARIA DE SALUD,03,BAJA CALIFORNIA SUR,001,COMONDU,0001,CIUDAD CONSTITUCION,HOSPITAL GENERAL RENE THOMAS GUIJOSA HABIFF,25.0318044,-111.6745529,
BSSSA001213,SSA,SECRETARIA DE SALUD,03,BAJA CALIFORNIA SUR,003,LA PAZ,0001,LA PAZ,B. HOSPITAL GENERAL CON ESPECIALIDADES JUAN MARÍA DE SALVATIERRA,24.113297,-110.318457,
CCSSA000100,SSA,SECRETARIA DE SALUD,04,CAMPECHE,002,CAMPECHE,0001,SAN FRANCISCO DE CAMPECHE,HOSPITAL DR. MANUEL CAMPOS,19.844724,-90.532584,
CCSSA000363,SSA,SECRETARIA DE SALUD,04,CAMPECHE,003,CARMEN,0001,CIUDAD DEL CARMEN,H.G. MA. SOCORRO QUIROGA AGUILAR,18.646634,-91.820543,
CCSSA017566,SSA,SECRETARIA DE SALUD,04,CAMPECHE,002,CAMPECHE,0001,SAN FRANCISCO DE CAMPECHE,CEO: CENTRO ESTATAL DE ONCOLOGÍA DE CAMPECHE,19.817002,-90.525127,
CCSSA017670,SSA,SECRETARIA DE SALUD,04,CAMPECHE,002,CAMPECHE,0001,SAN FRANCISCO DE CAMPECHE,HOSPITAL GENERAL DE ESPECIALIDADES DR. JAVIER BUENFIL OSORIO,19.815162,-90.523917,
CCSSA017682,SSA,SECRETARIA DE SALUD,04,CAMPECHE,009,ESCARCEGA,0001,ESCARCEGA,HOSPITAL GENERAL DE ESCARCEGA DR. JANELL ROMERO AGUILAR,18.618552,-90.744511,
CHSSA000570,SSA,SECRETARIA DE SALUD,08,CHIHUAHUA,017,CUAUHTEMOC,0001,CUAUHTEMOC,HOSPITAL GENERAL DR. JAVIER RAMÍREZ TOPETE,28.41252,-106.85973,
CHSSA000640,SSA,SECRETARIA DE SALUD,08,CHIHUAHUA,019,CHIHUAHUA,0001,CHIHUAHUA,CENTRO ESTATAL DE CANCEROLOGIA,28.64931,-106.06925,
CHSSA000664,SSA,SECRETARIA DE SALUD,08,CHIHUAHUA,019,CHIHUAHUA,0001,CHIHUAHUA,HOSPITAL GENERAL DR. SALVADOR ZUBIRÁN ANCHONDO,28.64927,-106.0704,
CHSSA000676,SSA,SECRETARIA DE SALUD,08,CHIHUAHUA,019,CHIHUAHUA,0001,CHIHUAHUA,HOSPITAL CENTRAL DEL ESTADO,28.64416,-106.06492,
CHSSA001796,SSA,SECRETARIA DE SALUD,08,CHIHUAHUA,037,JUAREZ,0001,JUAREZ,HOSPITAL DE LA MUJER,31.736994,-106.45256,
CHSSA001801,SSA,SECRETARIA DE SALUD,08,CHIHUAHUA,037,JUAREZ,0001,JUAREZ,HOSPITAL GENERAL DE JUÁREZ,31.73783,-106.45639,
CHSSA018012,SSA,SECRETARIA DE SALUD,08,CHIHUAHUA,037,JUAREZ,0001,JUAREZ,HOSPITAL INFANTIL DE ESPECIALIDADES DE CIUDAD JUÁREZ,31.73418,-106.4059,
CHSSA018514,SSA,SECRETARIA DE SALUD,08,CHIHUAHUA,019,CHIHUAHUA,0001,CHIHUAHUA,HOSPITAL INFANTIL DE ESPECIALIDADES DE CHIHUAHUA,28.62837,-106.03123,
CLHUN000020,HUN,SERVICIOS MEDICOS UNIVERSITARIOS,05,COAHUILA DE ZARAGOZA,035,TORREON,0001,TORREON,HOSPITAL INFANTIL UNIVERSITARIO,25.544495,-103.429765,
CLHUN000032,HUN,SERVICIOS MEDICOS UNIVERSITARIOS,05,COAHUILA DE ZARAGOZA,035,TORREON,0001,TORREON,HOSPITAL UNIVERSITARIO DE TORREÓN,25.538398,-103.43801,
CLIST000106,IST,INSTITUTO DE SEGURIDAD Y SERVICIOS SOCIALES PARA LOS TRABAJADORES DEL ESTADO,05,COAHUILA DE ZARAGOZA,030,SALTILLO,0001,SALTILLO,CMF SALTILLO,25.4301686,-101.0116944,
CLSMP000053,SMP,SERVICIOS MEDICOS PRIVADOS,05,COAHUILA DE ZARAGOZA,030,SALTILLO,0001,SALTILLO,CLÍNICA QUIRURGICA LA CONCEPCION,25.461606,-101.981311,
CLSMP000070,SMP,SERVICIOS MEDICOS PRIVADOS,05,COAHUILA DE ZARAGOZA,035,TORREON,0001,TORREON,BENEFICIENCIA ESPAÑOLA DE LA LAGUNA,25.540679,-103.440255,
CLHUN000015,HUN,SERVICIOS MEDICOS UNIVERSITARIOS,05,COAHUILA DE ZARAGOZA,030,SALTILLO,0001,SALTILLO,HOSPITAL UNIVERSITARIO DE SALTILLO,25.427755,-101.014095,CLSMP997454
CLSSA000914,SSA,SECRETARIA DE SALUD,05,COAHUILA DE ZARAGOZA,025,PIEDRAS NEGRAS,0001,PIEDRAS NEGRAS,CENTRO DE SALUD URBANO DE 03 NÚCLEOS MUNDO NUEVO DE PIEDRAS NEGRAS,28.7099,-100.518,
CLSSA001136,SSA,SECRETARIA DE SALUD,05,COAHUILA DE ZARAGOZA,030,SALTILLO,0001,SALTILLO,HOSPITAL DEL NIÑO DR. FEDERICO GÓMEZ SANTOS,25.4609,-100.9793,
CLSSA001614,SSA,SECRETARIA DE SALUD,05,COAHUILA DE ZARAGOZA,035,TORREON,0001,TORREON,HOSPITAL GENERAL TORREÓN ( BAJA ) ,25.551891,-103.439128,
CLSSA002466,SSA,SECRETARIA DE SALUD,05,COAHUILA DE ZARAGOZA,020,MUZQUIZ,0093,PALAU,HOSPITAL GENERAL MUZQUIZ,27.8853,-101.4344,
CLSSA002710,SSA,SECRETARIA DE SALUD,05,COAHUILA DE ZARAGOZA,018,MONCLOVA,0001,MONCLOVA,HOSPITAL GENERAL MONCLOVA AMPARO PAPE DE BENAVIDES,26.8957,-101.4426,
CLSSA002734,SSA,SECRETARIA DE SALUD,05,COAHUILA DE ZARAGOZA,030,SALTILLO,0001,SALTILLO,HOSPITAL GENERAL DE SALTILLO,25.4117,-100.9588,
CLSSA002862,SSA,SECRETARIA DE SALUD,05,COAHUILA DE ZARAGOZA,035,TORREON,0001,TORREON,HOSPITAL GENERAL TORREÓN,25.532979,-103.324888,
CMSMA000012,SMA,SECRETARIA DE MARINA,06,COLIMA,007,MANZANILLO,0001,MANZANILLO,HOSPITAL NAVAL DE MANZANILLO,19.06712,-104.298616,
CMSSA000113,SSA,SECRETARIA DE SALUD,06,COLIMA,002,COLIMA,0001,COLIMA,CENTRO ESTATAL DE CANCEROLOGÍA,19.2485,-103.7171,
CMSSA000125,SSA,SECRETARIA DE SALUD,06,COLIMA,002,COLIMA,0001,COLIMA,HOSPITAL REGIONAL UNIVERSITARIO,19.2581366,-103.6898378,
CMSSA001023,SSA,SECRETARIA DE SALUD,06,COLIMA,009,TECOMAN,0001,TECOMAN,HOSPITAL GENERAL TECOMÁN DR. JOSÉ F. RIVAS GUZMÁN,18.906326,-103.884075,
CMSSA001356,SSA,SECRETARIA DE SALUD,06,COLIMA,007,MANZANILLO,0001,MANZANILLO,HOSPITAL GENERAL DE MANZANILLO,19.116565,-104.327259,
CMSSA010975,SSA,SECRETARIA DE SALUD,06,COLIMA,002,COLIMA,0001,COLIMA,INSTITUTO ESTATAL DE CANCEROLOGÍA LIC. CARLOS DE LA MADRID VIRGEN,19.2206624,-103.7267644,
CMSSA011021,SSA,SECRETARIA DE SALUD,06,COLIMA,002,COLIMA,0001,COLIMA,CENTRO ESTATAL DE HEMODIALISIS,19.221191,-103.727413,
CSIMS000362,IMS,INSTITUTO MEXICANO DEL SEGURO SOCIAL,07,CHIAPAS,089,TAPACHULA,0001,TAPACHULA DE CORDOVA Y ORDOÑEZ,HOSPITAL GENERAL DE ZONA 1 TAPACHULA,14.911,-92.2753,
CSSSA001013,SSA,SECRETARIA DE SALUD,07,CHIAPAS,018,COAPILLA,0016,JOSE MARIA MORELOS Y PAVON,JOSÉ MARÍA MORELOS Y PAVÓN,17.073664,-93.132551,
CSSSA001030,SSA,SECRETARIA DE SALUD,07,CHIAPAS,019,COMITAN DE DOMINGUEZ,0001,COMITAN DE DOMINGUEZ,HOSPITAL GENERAL MARÍA IGNACIA GANDULFO COMITAN,16.246124,-92.129627,
CSSSA005773,SSA,SECRETARIA DE SALUD,07,CHIAPAS,078,SAN CRISTOBAL DE LAS CASAS,0001,SAN CRISTOBAL DE LAS CASAS,HOSPITAL DE LA MUJER SAN CRISTÓBAL DE LAS CASAS,16.733136,-92.636849,
CSSSA006403,SSA,SECRETARIA DE SALUD,07,CHIAPAS,089,TAPACHULA,0001,TAPACHULA DE CORDOVA Y ORDOÑEZ,JURISDICCION SANITARIA VII,14.886956,-92.290536,
CSSSA007540,SSA,SECRETARIA DE SALUD,07,CHIAPAS,101,TUXTLA GUTIERREZ,0001,TUXTLA GUTIERREZ,HOSPITAL REGIONAL DR. RAFAEL PASCASIO GAMBOA TUXTLA,16.745825,-93.116884,
CSSSA008882,SSA,SECRETARIA DE SALUD,07,CHIAPAS,089,TAPACHULA,0001,TAPACHULA DE CORDOVA Y ORDOÑEZ,HOSPITAL REGIONAL DE ALTA ESPECIALIDAD CIUDAD SALUD,15.351201,-92.548768,
CSSSA008894,SSA,SECRETARIA DE SALUD,07,CHIAPAS,101,TUXTLA GUTIERREZ,0001,TUXTLA GUTIERREZ,HOSPITAL DE ESPECIALIDADES PEDIÁTRICAS,16.750663,-93.078047,
CSSSA018764,SSA,SECRETARIA DE SALUD,07,CHIAPAS,078,SAN CRISTOBAL DE LAS CASAS,0001,SAN CRISTOBAL DE LAS CASAS,HOSPITAL DE LAS CULTURAS SAN CRISTOBAL DE LAS CASAS,16.723703,-92.652269,
CSSSA018776,SSA,SECRETARIA DE SALUD,07,CHIAPAS,019,COMITAN DE DOMINGUEZ,0001,COMITAN DE DOMINGUEZ,HOSPITAL DE LA MUJER COMITÁN,16.207545,-92.106986,
CSSSA018875,SSA,SECRETARIA DE SALUD,07,CHIAPAS,108,VILLAFLORES,0001,VILLAFLORES,HOSPITAL GENERAL BICENTENARIO VILLAFLORES,16.258402,-93.265141,
CSSSA019954,SSA,SECRETARIA DE SALUD,07,CHIAPAS,101,TUXTLA GUTIERREZ,0001,TUXTLA GUTIERREZ,HOSPITAL CHIAPAS NOS UNE DR. JESUS GILBERTO GOMEZ MAZA,16.7484597,-93.0727995,
DFSMP000015,SMP,SERVICIOS MEDICOS PRIVADOS,09,CIUDAD DE MEXICO,010,ALVARO OBREGON,0001,ALVARO OBREGON,"THE AMERICAN BRITISH COWDRAY MEDICAL CENTER, I.A.P. (HOSPITAL ABC)",19.400054,-99.204129,
DFSMP000020,SMP,SERVICIOS MEDICOS PRIVADOS,09,CIUDAD DE MEXICO,004,CUAJIMALPA DE MORELOS,0001,CUAJIMALPA DE MORELOS,"THE AMERICAN BRITISH COWDRAY MEDICAL CENTER, I.A.P. (CENTRO MÉDICO ABC SANTA FE)",19.3573077,-99.281896,
DFSMP000090,SMP,SERVICIOS MEDICOS PRIVADOS,09,CIUDAD DE MEXICO,015,CUAUHTEMOC,0001,CUAUHTEMOC, INTER HOSP. S.A. DE C.V.,19.4056182,-99.1676582,
DFSMP000662,SMP,SERVICIOS MEDICOS PRIVADOS,09,CIUDAD DE MEXICO,015,CUAUHTEMOC,0001,CUAUHTEMOC,HOSPITAL SAN ANGEL INN CHAPULTEPEC,19.4218349,-99.1729932,
DFSSA000840,SSA,SECRETARIA DE SALUD,09,CIUDAD DE MEXICO,005,GUSTAVO A. MADERO,0001,GUSTAVO A. MADERO,HOSPITAL PEDIÁTRICO VILLA,19.4870817,-99.114262,
DFSSA000864,SSA,SECRETARIA DE SALUD,09,CIUDAD DE MEXICO,005,GUSTAVO A. MADERO,0001,GUSTAVO A. MADERO,HOSPITAL GENERAL DE TICOMÁN,19.5145133,-99.1378196,
DFSSA000881,SSA,SECRETARIA DE SALUD,09,CIUDAD DE MEXICO,005,GUSTAVO A. MADERO,0001,GUSTAVO A. MADERO,HOSPITAL GENERAL VILLA,19.4806216,-99.1031447,
DFSSA001511,SSA,SECRETARIA DE SALUD,09,CIUDAD DE MEXICO,007,IZTAPALAPA,0001,IZTAPALAPA,HOSPITAL PEDIÁTRICO IZTAPALAPA,19.3565418,-99.1075918,
DFSSA001540,SSA,SECRETARIA DE SALUD,09,CIUDAD DE MEXICO,007,IZTAPALAPA,0001,IZTAPALAPA,HOSPITAL GENERAL IZTAPALAPA,19.3443153,-99.0274286,
DFSSA002066,SSA,SECRETARIA DE SALUD,09,CIUDAD DE MEXICO,009,MILPA ALTA,0001,VILLA MILPA ALTA,HOSPITAL GENERAL MILPA ALTA,19.2009898,-99.0111074,
DFSSA002993,SSA,SECRETARIA DE SALUD,09,CIUDAD DE MEXICO,013,XOCHIMILCO,0001,XOCHIMILCO,HOSPITAL MATERNO PEDIÁTRICO XOCHIMILCO,19.2549659,-99.1045,
DFSSA003162,SSA,SECRETARIA DE SALUD,09,CIUDAD DE MEXICO,014,BENITO JUAREZ,0001,BENITO JUAREZ,HOSPITAL GENERAL XOCO,19.3598136,-99.1632394,
DFSSA003536,SSA,SECRETARIA DE SALUD,09,CIUDAD DE MEXICO,016,MIGUEL HIDALGO,0001,MIGUEL HIDALGO,HOSPITAL PEDIÁTRICO TACUBAYA,19.4025483,-99.1908109,
DFSSA003541,SSA,SECRETARIA DE SALUD,09,CIUDAD DE MEXICO,016,MIGUEL HIDALGO,0001,MIGUEL HIDALGO,HOSPITAL PEDIÁTRICO LEGARIA,19.4507251,-99.2028541,
DFSSA003553,SSA,SECRETARIA DE SALUD,09,CIUDAD DE MEXICO,016,MIGUEL HIDALGO,0001,MIGUEL HIDALGO,HOSPITAL GENERAL DR. RUBÉN LEÑERO,19.45112,-99.169315,
DFSSA003705,SSA,SECRETARIA DE SALUD,09,CIUDAD DE MEXICO,017,VENUSTIANO CARRANZA,0001,VENUSTIANO CARRANZA,HOSPITAL MATERNO INFANTIL INGUARÁN,19.4806538,-99.1241371,
DFSSA003710,SSA,SECRETARIA DE SALUD,09,CIUDAD DE MEXICO,017,VENUSTIANO CARRANZA,0001,VENUSTIANO CARRANZA,HOSPITAL PEDIÁTRICO MOCTEZUMA,19.4329363,-99.0983267,
DFSSA003722,SSA,SECRETARIA DE SALUD,09,CIUDAD DE MEXICO,017,VENUSTIANO CARRANZA,0001,VENUSTIANO CARRANZA,HOSPITAL GENERAL BALBUENA,19.4242218,-99.1170464,
DFSSA003944,SSA,SECRETARIA DE SALUD,09,CIUDAD DE MEXICO,005,GUSTAVO A. MADERO,0001,GUSTAVO A. MADERO,HOSPITAL JUÁREZ DE MÉXICO,19.4821088,-99.1353896,
DFSSA003956,SSA,SECRETARIA DE SALUD,09,CIUDAD DE MEXICO,012,TLALPAN,0001,TLALPAN,INSTITUTO NACIONAL DE REHABILITACIÓN LUIS GUILLERMO IBARRA IBARRA,19.2893218,-99.1490901,
DFSSA003961,SSA,SECRETARIA DE SALUD,09,CIUDAD DE MEXICO,012,TLALPAN,0001,TLALPAN,HOSPITAL GENERAL DR. MANUEL GEA GONZÁLEZ,19.2908463,-99.1611811,
DFSSA003973,SSA,SECRETARIA DE SALUD,09,CIUDAD DE MEXICO,015,CUAUHTEMOC,0001,CUAUHTEMOC,HOSPITAL GENERAL DE MÉXICO “DR. EDUARDO LICEAGA”,19.414719,-99.1151055,
DFSSA003990,SSA,SECRETARIA DE SALUD,09,CIUDAD DE MEXICO,015,CUAUHTEMOC,0001,CUAUHTEMOC,HOSPITAL NACIONAL HOMEOPÁTICO,19.4224891,-99.1357615,
DFSSA004002,SSA,SECRETARIA DE SALUD,09,CIUDAD DE MEXICO,016,MIGUEL HIDALGO,0001,MIGUEL HIDALGO,HOSPITAL DE LA MUJER,19.4511198,-99.1697823,
DFSSA004031,SSA,SECRETARIA DE SALUD,09,CIUDAD DE MEXICO,012,TLALPAN,0001,TLALPAN,INSTITUTO NACIONAL DE CARDIOLOGÍA IGNACIO CHÁVEZ,19.291019,-99.153707,
DFSSA004265,SSA,SECRETARIA DE SALUD,09,CIUDAD DE MEXICO,007,IZTAPALAPA,0001,IZTAPALAPA,HOSPITAL DE ESPECIALIDADES DE LA CIUDAD DE MEXICO DR. BELISARIO DOMÍNGUEZ,19.3066411,-99.0660984,
DFSSA005011,SSA,SECRETARIA DE SALUD,09,CIUDAD DE MEXICO,012,TLALPAN,0027,SAN MIGUEL TOPILEJO,HOSPITAL GENERAL TOPILEJO,19.1990194,-99.1415403,
DFSSA017886,SSA,SECRETARIA DE SALUD,09,CIUDAD DE MEXICO,010,ALVARO OBREGON,0001,ALVARO OBREGON,HOSPITAL GENERAL DR. ENRIQUE CABRERA,19.3618836,-99.2240659,
DFSSA018154,SSA,SECRETARIA DE SALUD,09,CIUDAD DE MEXICO,011,TLAHUAC,0001,TLAHUAC,HOSPITAL GENERAL TLÁHUAC,19.287391,-99.052743,
DFSSA018166,SSA,SECRETARIA DE SALUD,09,CIUDAD DE MEXICO,012,TLALPAN,0001,TLALPAN,HOSPITAL GENERAL AJUSCO MEDIO,19.2718124,-99.2074896,
DGSSA000186,SSA,SECRETARIA DE SALUD,10,DURANGO,005,DURANGO,0001,VICTORIA DE DURANGO,CENTRO ESTATAL DE CANCEROLOGÍA,24.031029,-104.641413,
DGSSA000191,SSA,SECRETARIA DE SALUD,10,DURANGO,005,DURANGO,0001,VICTORIA DE DURANGO,HOSPITAL GENERAL DE DURANGO,24.03097,-104.672935,
DGSSA000676,SSA,SECRETARIA DE SALUD,10,DURANGO,007,GOMEZ PALACIO,0001,GOMEZ PALACIO,HOSPITAL GENERAL DE GÓMEZ PALACIO,24.5062,-104.088,
DGSSA002414,SSA,SECRETARIA DE SALUD,10,DURANGO,007,GOMEZ PALACIO,0642,BUGAMBILIA (MARIA CRISTINA) [GRANJA],HOSPITAL NUEVO GOMEZ PALACIO,24.1028,-105.931,
DGSSA017761,SSA,SECRETARIA DE SALUD,10,DURANGO,012,LERDO,0001,LERDO,HOSPITAL GENERAL LERDO,25.5316521,-103.5327646,
DGSSA017872,SSA,SECRETARIA DE SALUD,10,DURANGO,005,DURANGO,0001,VICTORIA DE DURANGO,HOSPITAL GENERAL 450,24.0554637,-104.6411711,
GRIST000025,IST,INSTITUTO DE SEGURIDAD Y SERVICIOS SOCIALES PARA LOS TRABAJADORES DEL ESTADO,12,GUERRERO,001,ACAPULCO DE JUAREZ,0001,ACAPULCO DE JUAREZ,HG ACAPULCO,16.8729366,-99.8873537,
GRSSA000034,SSA,SECRETARIA DE SALUD,12,GUERRERO,001,ACAPULCO DE JUAREZ,0001,ACAPULCO DE JUAREZ,HOSP. GRAL. RENACIMIENTO,16.89961,-99.827546,
GRSSA003686,SSA,SECRETARIA DE SALUD,12,GUERRERO,029,CHILPANCINGO DE LOS BRAVO,0001,CHILPANCINGO DE LOS BRAVO,HOSPITAL GRAL. DR. RAYMUNDO A. ALARCON,17.605738,-99.52115,
GRSSA004753,SSA,SECRETARIA DE SALUD,12,GUERRERO,038,ZIHUATANEJO DE AZUETA,0001,ZIHUATANEJO,DR. BERNARDO SEPULVEDA GUTIÉRREZ,17.648613,-101.549035,
GRSSA009916,SSA,SECRETARIA DE SALUD,12,GUERRERO,066,TLAPA DE COMONFORT,0001,TLAPA DE COMONFORT,HOSPITAL DE LA MADRE Y EL NIÑO INDIGENA GUERRERENSE,17.543476,-98.58937,
GRSSA009921,SSA,SECRETARIA DE SALUD,12,GUERRERO,029,CHILPANCINGO DE LOS BRAVO,0001,CHILPANCINGO DE LOS BRAVO,HOSPITAL DE LA MADRE Y EL NIÑO GUERRERENSE,17.525232,-99.49196,
GRSSA009945,SSA,SECRETARIA DE SALUD,12,GUERRERO,001,ACAPULCO DE JUAREZ,0129,LOS ORGANOS DE SAN AGUSTIN (EL QUEMADO),HOSPITAL GENERAL DE ACAPULCO,16.930872,-99.82064,
GRSSA009950,SSA,SECRETARIA DE SALUD,12,GUERRERO,075,EDUARDO NERI,0001,ZUMPANGO DEL RIO,HOSPITAL GENERAL DR. RAYMUNDO ABARCA ALARCÓN,17.605384,-99.520921,
GRSSA010061,SSA,SECRETARIA DE SALUD,12,GUERRERO,022,COYUCA DE CATALAN,0001,COYUCA DE CATALAN,HOSPITAL GENERAL REGIONAL DR. GUILLERMO SOBERÓN ACEVEDO,18.334646,-100.712317,
GRSSA011782,SSA,SECRETARIA DE SALUD,12,GUERRERO,001,ACAPULCO DE JUAREZ,0001,ACAPULCO DE JUAREZ,INSTITUTO ESTATAL DE CANCEROLOGÍA,16.873562,-99.886388,
GRSSA012535,SSA,SECRETARIA DE SALUD,12,GUERRERO,055,TAXCO DE ALARCON,0001,TAXCO DE ALARCON,HG ADOLFO PRIETO,18.566141,-99.6050986,
GRIMB008890,IMB,SERVICIOS DE SALUD IMSS BIENESTAR ,12,GUERRERO,066,TLAPA DE COMONFORT,0001,TLAPA DE COMONFORT,HOSPITAL DE LA MADRE Y EL NIÑO INDIGENA GUERRERENSE,17.543476,-98.58937,GRSSA997449
GTSMP000021,SMP,SERVICIOS MEDICOS PRIVADOS,11,GUANAJUATO,020,LEON,0001,LEON DE LOS ALDAMA,HOSPITAL MEDICA CAMPESTRE,21.150194,-101.687806,
GTSMP002285,SMP,SERVICIOS MEDICOS PRIVADOS,11,GUANAJUATO,020,LEON,0001,LEON DE LOS ALDAMA,HOSPITAL ANGELES LEON,21.1577813,-101.7010591,
GTSMP003002,SMP,SERVICIOS MEDICOS PRIVADOS,11,GUANAJUATO,020,LEON,0001,LEON DE LOS ALDAMA,HOSPITAL MÉDICAS BRISAS,21.1087898,-101.5912801,
GTSSA000310,SSA,SECRETARIA DE SALUD,11,GUANAJUATO,003,SAN MIGUEL DE ALLENDE,0001,SAN MIGUEL DE ALLENDE,HOSPITAL GENERAL SAN MIGUEL DE ALLENDE ¨DR. FELIPE G. DOBARGANES¨,20.908667,-100.7194633,
GTSSA000766,SSA,SECRETARIA DE SALUD,11,GUANAJUATO,007,CELAYA,0001,CELAYA,HOSPITAL GENERAL CELAYA,20.5254826,-100.8465147,
GTSSA001290,SSA,SECRETARIA DE SALUD,11,GUANAJUATO,014,DOLORES HIDALGO CUNA DE LA INDEPENDENCIA NACIONAL,0001,DOLORES HIDALGO CUNA DE LA INDEPENDENCIA NACIONAL,HOSPITAL GENERAL DOLORES HIDALGO ¨CUNA DE LA INDEPENDENCIA NACIONAL¨,21.134072,-100.933072,
GTSSA001454,SSA,SECRETARIA DE SALUD,11,GUANAJUATO,015,GUANAJUATO,0001,GUANAJUATO,HOSPITAL GENERAL GUANAJUATO ´´DR. VALENTIN GRACIA´´,20.9808248,-101.2891727,
GTSSA001652,SSA,SECRETARIA DE SALUD,11,GUANAJUATO,017,IRAPUATO,0001,IRAPUATO,HOSPITAL GENERAL IRAPUATO,20.6867669,-101.356959,
GTSSA002096,SSA,SECRETARIA DE SALUD,11,GUANAJUATO,020,LEON,0001,LEON DE LOS ALDAMA,HOSPITAL DE ESPECIALIDAD MATERNO INFANTIL DE LEON,21.122632,-101.71659,
GTSSA002101,SSA,SECRETARIA DE SALUD,11,GUANAJUATO,020,LEON,0001,LEON DE LOS ALDAMA,HOSPITAL ESTATAL DE ATENCION AL COVID-19,21.1326569,-101.6801866,
GTSSA002760,SSA,SECRETARIA DE SALUD,11,GUANAJUATO,023,PENJAMO,0001,PENJAMO,HOSPITAL GENERAL PENJAMO,20.43369,-101.70734,
GTSSA003233,SSA,SECRETARIA DE SALUD,11,GUANAJUATO,027,SALAMANCA,0001,SALAMANCA,HOSPITAL GENERAL SALAMANCA,20.5910019,-101.2189954,
GTSSA003361,SSA,SECRETARIA DE SALUD,11,GUANAJUATO,028,SALVATIERRA,0001,SALVATIERRA,HOSPITAL GENERAL SALVATIERRA,,,
GTSSA004003,SSA,SECRETARIA DE SALUD,11,GUANAJUATO,033,SAN LUIS DE LA PAZ,0001,SAN LUIS DE LA PAZ,HOSPITAL GENERAL SAN LUIS DE LA PAZ,21.279336,-100.495877,
GTSSA004650,SSA,SECRETARIA DE SALUD,11,GUANAJUATO,041,URIANGATO,0001,URIANGATO,HOSPITAL GENERAL URIANGATO,20.151585,-101.1711937,
GTSSA005683,SSA,SECRETARIA DE SALUD,11,GUANAJUATO,020,LEON,0001,LEON DE LOS ALDAMA,HOSPITAL GENERAL LEON,21.06002,-101.56666,
GTSSA016796,SSA,SECRETARIA DE SALUD,11,GUANAJUATO,020,LEON,0001,LEON DE LOS ALDAMA,HOSPITAL REGIONAL DE ALTA ESPECIALIDAD DEL BAJÍO,21.0613651,-101.5767015,
GTSSA016912,SSA,SECRETARIA DE SALUD,11,GUANAJUATO,032,SAN JOSE ITURBIDE,0001,SAN JOSE ITURBIDE,HOSPITAL GENERAL SAN JOSE ITURBIDE,20.9896335,-100.3928316,
GTSSA017023,SSA,SECRETARIA DE SALUD,11,GUANAJUATO,037,SILAO DE LA VICTORIA,0001,SILAO DE LA VICTORIA,HOSPITAL GENERAL SILAO,20.953521,-101.4101,
GTSSA017274,SSA,SECRETARIA DE SALUD,11,GUANAJUATO,020,LEON,0001,LEON DE LOS ALDAMA,UNEME ENFERMEDADES CRONICAS LEON,21.086127,-101.6255912,
GTSSA017315,SSA,SECRETARIA DE SALUD,11,GUANAJUATO,027,SALAMANCA,0001,SALAMANCA,CENTRO ESTATAL DE CUIDADOS CRITICOS SALAMANCA,20.5816539,-101.1972891,
GTSSA017385,SSA,SECRETARIA DE SALUD,11,GUANAJUATO,042,VALLE DE SANTIAGO,0001,VALLE DE SANTIAGO,HOSPITAL GENERAL VALLE DE SANTIAGO,20.39747,-101.2197473,
GTSSA017414,SSA,SECRETARIA DE SALUD,11,GUANAJUATO,002,ACAMBARO,0001,ACAMBARO,HOSPITAL GENERAL ACAMBARO MIGUEL HIDALGO,20.0477671,-100.7509829,
GTSSA017472,SSA,SECRETARIA DE SALUD,11,GUANAJUATO,033,SAN LUIS DE LA PAZ,0001,SAN LUIS DE LA PAZ,HOSPITAL MATERNO DE SAN LUIS DE LA PAZ,21.29133,-100.6001,
GTSSA017525,SSA,SECRETARIA DE SALUD,11,GUANAJUATO,020,LEON,0001,LEON DE LOS ALDAMA,HOSPITAL DE ESPECIALIDADES  PEDIATRICO LEON,21.126333,-101.597076,
GTSSA017530,SSA,SECRETARIA DE SALUD,11,GUANAJUATO,007,CELAYA,0001,CELAYA,HOSPITAL MATERNO CELAYA,20.491704,-100.835913,
GTSSA017542,SSA,SECRETARIA DE SALUD,11,GUANAJUATO,017,IRAPUATO,0001,IRAPUATO,HOSPITAL MATERNO INFANTIL IRAPUATO,20.6781312,-101.3028108,
HGSSA001590,SSA,SECRETARIA DE SALUD,13,HIDALGO,030,IXMIQUILPAN,0001,IXMIQUILPAN,HOSPITAL GENERAL DEL VALLE DEL MEZQUITAL IXMIQUILPAN,20.433787,-99.155446,
HGSSA002430,SSA,SECRETARIA DE SALUD,13,HIDALGO,048,PACHUCA DE SOTO,0001,PACHUCA DE SOTO,HOSPITAL GENERAL PACHUCA,20.11376,-98.722855,
HGSSA004093,SSA,SECRETARIA DE SALUD,13,HIDALGO,077,TULANCINGO DE BRAVO,0001,TULANCINGO,HOSPITAL GENERAL TULANCINGO,20.076992,-98.373163,
HGSSA015520,SSA,SECRETARIA DE SALUD,13,HIDALGO,028,HUEJUTLA DE REYES,0001,HUEJUTLA DE REYES,HOSPITAL GENERAL DE LA HUASTECA,21.1046,-98.4237,
HGSSA015532,SSA,SECRETARIA DE SALUD,13,HIDALGO,076,TULA DE ALLENDE,0001,TULA DE ALLENDE,HOSPITAL GENERAL TULA,20.040681,-99.342061,
HGSSA018000,SSA,SECRETARIA DE SALUD,13,HIDALGO,056,SANTIAGO TULANTEPEC DE LUGO GUERRERO,0016,PAXTEPEC,HOSPITAL GENERAL DE TULANCINGO,20.062166,-98.440731,
JCIMS000313,IMS,INSTITUTO MEXICANO DEL SEGURO SOCIAL,14,JALISCO,039,GUADALAJARA,0001,GUADALAJARA,HGO CMN OCCIDENTE,20.6840008,-103.327732,
JCSMP000050,SMP,SERVICIOS MEDICOS PRIVADOS,14,JALISCO,039,GUADALAJARA,0001,GUADALAJARA,HOSPITAL TERRANOVA S.A. DE C.V.,20.6851117,-103.3868607,
JCSMP000132,SMP,SERVICIOS MEDICOS PRIVADOS,14,JALISCO,039,GUADALAJARA,0001,GUADALAJARA,HOSPITAL DEL COUNTRY S.A. DE C.V.,20.7037355,-103.3648075,
JCSMP000243,SMP,SERVICIOS MEDICOS PRIVADOS,14,JALISCO,120,ZAPOPAN,0001,ZAPOPAN,HOSPITAL DE ESPECIALIDADES PUERTA DE HIERRO,20.7080695,-103.4148797,
JCSMP000284,SMP,SERVICIOS MEDICOS PRIVADOS,14,JALISCO,097,TLAJOMULCO DE ZUÑIGA,0001,TLAJOMULCO DE ZUÑIGA,HOSPITAL PUERTA DE HIERRO SUR S.A. DE C.V.,20.5888725,-103.4438715,
JCSMP000704,SMP,SERVICIOS MEDICOS PRIVADOS,14,JALISCO,039,GUADALAJARA,0001,GUADALAJARA,HOSPITAL SANTA MARGARITA S.A. DE C.V.,20.681084,-103.3578457,
JCSSA001326,SSA,SECRETARIA DE SALUD,14,JALISCO,023,ZAPOTLAN EL GRANDE,0001,CIUDAD GUZMAN,HOSPITAL REGIONAL DE CD. GUZMÁN,19.6979126,-103.4784518,
JCSSA001401,SSA,SECRETARIA DE SALUD,14,JALISCO,024,COCULA,0001,COCULA,HOSPITAL REGIONAL COCULA,20.3751089,-103.8193508,
JCSSA002195,SSA,SECRETARIA DE SALUD,14,JALISCO,039,GUADALAJARA,0001,GUADALAJARA,ANTIGUO HOSPITAL CIVIL DE GUADALAJARA FRAY ANTONIO ALCALDE,20.715989,-103.3546516,
JCSSA002212,SSA,SECRETARIA DE SALUD,14,JALISCO,039,GUADALAJARA,0001,GUADALAJARA,HOSPITAL MATERNO INFANTIL ESPERANZA LÓPEZ MATEOS,20.66269,-103.35097,
JCSSA002224,SSA,SECRETARIA DE SALUD,14,JALISCO,039,GUADALAJARA,0001,GUADALAJARA,NUEVO HOSPITAL CIVIL DE GUADALAJARA DR. JUAN I. MENCHACA,20.686965,-103.3340768,
JCSSA003250,SSA,SECRETARIA DE SALUD,14,JALISCO,053,LAGOS DE MORENO,0001,LAGOS DE MORENO,OFICINAS ADMINISTRATIVAS REGIÓN SANITARIA LAGOS DE MORENO,21.3557362,-101.9340752,
JCSSA003496,SSA,SECRETARIA DE SALUD,14,JALISCO,055,MAGDALENA,0001,MAGDALENA,HOSPITAL REGIONAL DE MAGDALENA,20.9102284,-103.9695064,
JCSSA004230,SSA,SECRETARIA DE SALUD,14,JALISCO,067,PUERTO VALLARTA,0001,PUERTO VALLARTA,HOSPITAL REGIONAL DE PUERTO VALLARTA,20.6693868,-105.2101656,
JCSSA005584,SSA,SECRETARIA DE SALUD,14,JALISCO,093,TEPATITLAN DE MORELOS,0001,TEPATITLAN DE MORELOS,HOSPITAL REGIONAL DE TEPATITLÁN,20.811779,-102.779729,
JCSSA007066,SSA,SECRETARIA DE SALUD,14,JALISCO,120,ZAPOPAN,0001,ZAPOPAN,HOSPITAL GENERAL DE OCCIDENTE,20.7181313,-103.369547,
JCSSA007836,SSA,SECRETARIA DE SALUD,14,JALISCO,039,GUADALAJARA,0001,GUADALAJARA,UNIDAD ESPECIALIZADA EN ATENCIÓN OBSTÉTRICA Y CUIDADOS NEONATALES GUADALAJARA,20.71758,-103.31121,
JCSSA009364,SSA,SECRETARIA DE SALUD,14,JALISCO,050,JOCOTEPEC,0002,CHANTEPEC (EL CHANTE),HOSPITAL COMUNITARIO DE JOCOTEPEC,20.293422,-103.4019161,
JCSSA013050,SSA,SECRETARIA DE SALUD,14,JALISCO,083,TALA,0001,TALA,UNIDAD ESPECIALIZADA EN ATENCIÓN OBSTÉTRICA Y CUIDADOS NEONATALES TALA,20.6539424,-103.7100341,
JCSSA013091,SSA,SECRETARIA DE SALUD,14,JALISCO,078,SAN MIGUEL EL ALTO,0001,SAN MIGUEL EL ALTO,UNIDAD ESPECIALIZADA EN ATENCIÓN OBSTÉTRICA Y CUIDADOS NEONATALES SAN MIGUEL EL ALTO,21.038151,-102.405613,
JCSSA013815,SSA,SECRETARIA DE SALUD,14,JALISCO,018,LA BARCA,0001,LA BARCA,HOSPITAL REGIONAL DE LA BARCA,20.301222,-102.553586,
MCSME000011,SME,SERVICIOS MEDICOS ESTATALES,15,MEXICO,106,TOLUCA,0001,TOLUCA DE LERDO,HOSPITAL PARA EL NIÑO IMIEM,19.2716018,-99.6607604,
MCSME000723,SME,SERVICIOS MEDICOS ESTATALES,15,MEXICO,120,ZUMPANGO,0001,ZUMPANGO DE OCAMPO,"HOSPITAL REGIONAL ZUMPANGO, ISSEMYM",19.799562,-99.087241,
MCSME000764,SME,SERVICIOS MEDICOS ESTATALES,15,MEXICO,106,TOLUCA,0001,TOLUCA DE LERDO,"CENTRO ONCOLÓGICO ESTATAL, ISSEMYM",19.268693,-99.653118,
MCSME000781,SME,SERVICIOS MEDICOS ESTATALES,15,MEXICO,014,ATLACOMULCO,0001,ATLACOMULCO DE FABELA,"HOSPITAL REGIONAL ATLACOMULCO, ISSEMYM",19.7902,-99.8743,
MCSME000851,SME,SERVICIOS MEDICOS ESTATALES,15,MEXICO,058,NEZAHUALCOYOTL,0001,CIUDAD NEZAHUALCOYOTL,"HOSPITAL REGIONAL NEZAHUALCÓYOTL, ISSEMYM",19.3862357,-99.0111074,
MCSME000916,SME,SERVICIOS MEDICOS ESTATALES,15,MEXICO,106,TOLUCA,0001,TOLUCA DE LERDO,"HOSPITAL MATERNO INFANTIL, ISSEMYM",19.303823,-99.626624,
MCSME000921,SME,SERVICIOS MEDICOS ESTATALES,15,MEXICO,054,METEPEC,0001,METEPEC,"CENTRO MÉDICO ISSEMYM LIC. ARTURO MONTIEL ROJAS, ISSEMYM",19.285464,-99.585755,
MCSME000986,SME,SERVICIOS MEDICOS ESTATALES,15,MEXICO,106,TOLUCA,0001,TOLUCA DE LERDO,HOSPITAL DE GINECOLOGÍA Y OBSTETRICÍA IMIEM,19.2725574,-99.6610153,
MCSME001114,SME,SERVICIOS MEDICOS ESTATALES,15,MEXICO,110,VALLE DE BRAVO,0001,VALLE DE BRAVO,"HOSPITAL REGIONAL VALLE DE BRAVO NICOLÁS BRAVO BICENTENARIO, ISSEMYM",19.2030821,-100.1359229,
MCSMP000010,SMP,SERVICIOS MEDICOS PRIVADOS,15,MEXICO,057,NAUCALPAN DE JUAREZ,0001,NAUCALPAN DE JUAREZ,CORPORATIVO HOSPITAL SATÉLITE S.A. DE C.V.,19.5138453,-99.2373819,
MCSSA001636,SSA,SECRETARIA DE SALUD,15,MEXICO,024,CUAUTITLAN,0001,CUAUTITLAN,H.G. JOSÉ VICENTE VILLADA,19.664501,-99.178701,
MCSSA001682,SSA,SECRETARIA DE SALUD,15,MEXICO,025,CHALCO,0001,CHALCO DE DIAZ COVARRUBIAS,HOSPITAL GENERAL DE CHALCO,19.2680187,-98.8936991,
MCSSA002184,SSA,SECRETARIA DE SALUD,15,MEXICO,033,ECATEPEC DE MORELOS,0001,ECATEPEC DE MORELOS,H.G. DR. JOSÉ MARÍA RODRÍGUEZ,19.5145331,-99.0381083,
MCSSA004074,SSA,SECRETARIA DE SALUD,15,MEXICO,057,NAUCALPAN DE JUAREZ,0001,NAUCALPAN DE JUAREZ,H.G. DR. MAXIMILIANO RUÍZ CASTAÑEDA,19.468121,-99.234602,
MCSSA005730,SSA,SECRETARIA DE SALUD,15,MEXICO,082,TEJUPILCO,0001,TEJUPILCO DE HIDALGO,HOSPITAL GENERAL MIGUEL HIDALGO Y COSTILLA BICENTENARIO,18.90351,-100.15848,
MCSSA006430,SSA,SECRETARIA DE SALUD,15,MEXICO,088,TENANCINGO,0001,TENANCINGO DE DEGOLLADO,H.G. TENANCINGO,18.961405,-99.585693,
MCSSA007661,SSA,SECRETARIA DE SALUD,15,MEXICO,106,TOLUCA,0001,TOLUCA DE LERDO,H.G. DR. NICOLÁS SAN JUAN,19.316095,-99.636675,
MCSSA007673,SSA,SECRETARIA DE SALUD,15,MEXICO,106,TOLUCA,0001,TOLUCA DE LERDO,HOSPITAL MATERNO PERINATAL MÓNICA PRETELINI SÁENZ,19.27244,-99.656937,
MCSSA010053,SSA,SECRETARIA DE SALUD,15,MEXICO,045,JILOTEPEC,0001,JILOTEPEC DE MOLINA ENRIQUEZ,H.G. JILOTEPEC,19.954759,-99.547046,
MCSSA010222,SSA,SECRETARIA DE SALUD,15,MEXICO,106,TOLUCA,0001,TOLUCA DE LERDO,CENTRO MÉDICO LIC. ADOLFO LÓPEZ MATEOS,19.319684,-99.633146,
MCSSA010251,SSA,SECRETARIA DE SALUD,15,MEXICO,040,IXTAPAN DE LA SAL,0013,EL SALITRE,HOSPITAL GENERAL IXTAPAN DE LA SAL,18.81888,-99.668328,
MCSSA010280,SSA,SECRETARIA DE SALUD,15,MEXICO,033,ECATEPEC DE MORELOS,0001,ECATEPEC DE MORELOS,HOSPITAL GENERAL LAS AMÉRICAS,19.5936922,-99.0188783,
MCSSA010292,SSA,SECRETARIA DE SALUD,15,MEXICO,058,NEZAHUALCOYOTL,0001,CIUDAD NEZAHUALCOYOTL,HOSPITAL GENERAL LA PERLA NEZAHUALCOYOTL,19.387644,-98.989264,
MCSSA010345,SSA,SECRETARIA DE SALUD,15,MEXICO,109,TULTITLAN,0025,SAN PABLO DE LAS SALINAS,HOSPITAL GENERAL TULTITLAN SAN PABLO DE LAS SALINAS,19.6768501,-99.0927601,
MCSSA018412,SSA,SECRETARIA DE SALUD,15,MEXICO,099,TEXCOCO,0001,TEXCOCO DE MORA,H.G. TEXCOCO GUADALUPE VICTORIA BICENTENARIO,19.514057,-98.871977,
MCSSA018733,SSA,SECRETARIA DE SALUD,15,MEXICO,013,ATIZAPAN DE ZARAGOZA,0001,CIUDAD LOPEZ MATEOS,HOSPITAL MATERNO INFANTIL GUADALUPE VICTORIA ATIZAPÁN DE ZARAGOZA,19.5973,-99.263184,
MCSSA018774,SSA,SECRETARIA DE SALUD,15,MEXICO,120,ZUMPANGO,0001,ZUMPANGO DE OCAMPO,HOSPITAL REGIONAL DE ALTA ESPECIALIDAD DE ZUMPANGO,19.814534,-99.088196,
MCSSA018786,SSA,SECRETARIA DE SALUD,15,MEXICO,039,IXTAPALUCA,0017,ZOQUIAPAN,HOSPITAL REGIONAL DE ALTA ESPECIALIDAD IXTAPALUCA,19.3186644,-98.855389,
MNSSA000170,SSA,SECRETARIA DE SALUD,16,MICHOACAN DE OCAMPO,006,APATZINGAN,0001,APATZINGAN DE LA CONSTITUCION,HG RAMÓN PONCE ÁLVAREZ,19.0934441,-102.3539507,
MNSSA001862,SSA,SECRETARIA DE SALUD,16,MICHOACAN DE OCAMPO,053,MORELIA,0001,MORELIA,HOSPITAL DE LA MUJER,19.692886,-101.154067,
MNSSA001874,SSA,SECRETARIA DE SALUD,16,MICHOACAN DE OCAMPO,053,MORELIA,0001,MORELIA,HG INFANTIL EVA SAMANO DE LÓPEZ MATEOS,19.6994961,-101.1810636,
MNSSA001886,SSA,SECRETARIA DE SALUD,16,MICHOACAN DE OCAMPO,053,MORELIA,0001,MORELIA,CENTRO ESTATAL DE ATENCION ONCOLOGICA,19.6999058,-101.1825135,
MNSSA001891,SSA,SECRETARIA DE SALUD,16,MICHOACAN DE OCAMPO,053,MORELIA,0001,MORELIA,HG DR. MIGUEL SILVA,19.6993648,-101.1832415,
MNSSA003735,SSA,SECRETARIA DE SALUD,16,MICHOACAN DE OCAMPO,102,URUAPAN,0001,URUAPAN,HOSPITAL GENERAL DR. PEDRO DANIEL MARTÍNEZ,19.390541,-102.024055,
MNSSA003945,SSA,SECRETARIA DE SALUD,16,MICHOACAN DE OCAMPO,108,ZAMORA,0001,ZAMORA DE HIDALGO,HOSPITAL GENERAL ZAMORA,19.989744,-102.279183,
MNSSA005345,SSA,SECRETARIA DE SALUD,16,MICHOACAN DE OCAMPO,053,MORELIA,0287,EL EJIDO DE ATAPANEO,"HOSPITAL GENERAL ""DR MIGUEL SILVA""",19.731491,-101.105271,
MNSSA005456,SSA,SECRETARIA DE SALUD,16,MICHOACAN DE OCAMPO,053,MORELIA,0287,EL EJIDO DE ATAPANEO,"HOSPITAL INFANTIL ""EVA SAMANO DE LÓPEZ MATEOS""",19.732402,-101.102766,
MNSSA016533,SSA,SECRETARIA DE SALUD,16,MICHOACAN DE OCAMPO,069,LA PIEDAD,0001,LA PIEDAD DE CABADAS,HOSPITAL GENERAL LA PIEDAD,20.319359,-102.018441,
MNSSA017400,SSA,SECRETARIA DE SALUD,16,MICHOACAN DE OCAMPO,006,APATZINGAN,0001,APATZINGAN DE LA CONSTITUCION,HOSPITAL GENERAL APATZINGAN,19.064998,-102.325361,
MSSSA000454,SSA,SECRETARIA DE SALUD,17,MORELOS,007,CUERNAVACA,0001,CUERNAVACA,UNIDAD DE ESPECIALIDADES MÉDICAS,18.9367,-99.232,
MSSSA000466,SSA,SECRETARIA DE SALUD,17,MORELOS,007,CUERNAVACA,0001,CUERNAVACA,HG DE CUERNAVACA DR. JOSE G. PARRES,18.9359,-99.2335,
MSSSA000961,SSA,SECRETARIA DE SALUD,17,MORELOS,012,JOJUTLA,0001,JOJUTLA,HG DE JOJUTLA DR. ERNESTO MEANA SAN ROMÁN,18.6177,-99.1907,
MSSSA002361,SSA,SECRETARIA DE SALUD,17,MORELOS,029,YAUTEPEC,0001,YAUTEPEC DE ZARAGOZA,HOSPITAL DE LA MUJER,18.8838,-99.08,
MSSSA002373,SSA,SECRETARIA DE SALUD,17,MORELOS,018,TEMIXCO,0001,TEMIXCO,HOSPITAL GENERAL DE TEMIXCO,18.8368311,-99.2390247,
NLSDN000012,SDN,SECRETARIA DE LA DEFENSA NACIONAL,19,NUEVO LEON,039,MONTERREY,0001,MONTERREY,"HOSPITAL MILITAR REGIONAL DE ESPECIALIDADES DE MONTERREY, N. L.",25.72083,-100.313153,
NLSSA004046,SSA,SECRETARIA DE SALUD,19,NUEVO LEON,046,SAN NICOLAS DE LOS GARZA,0001,SAN NICOLAS DE LOS GARZA,HOSPITAL METROPOLITANO,25.714085,-100.274404,
NLSSA014295,SSA,SECRETARIA DE SALUD,19,NUEVO LEON,026,GUADALUPE,0001,GUADALUPE,HOSPITAL REGIONAL MATERNO INFANTIL,25.694464,-100.223444,
NTSSA001594,SSA,SECRETARIA DE SALUD,18,NAYARIT,017,TEPIC,0001,TEPIC,HOSPITAL CIVIL DR. ANTONIO GONZÁLEZ GUEVARA,21.5010461,-104.897629,
NTSSA002084,SSA,SECRETARIA DE SALUD,18,NAYARIT,020,BAHIA DE BANDERAS,0081,SAN FRANCISCO,HOSPITAL GENERAL SAN FRANCISCO,20.9007233,-105.4103064,
NTSSA002212,SSA,SECRETARIA DE SALUD,18,NAYARIT,017,TEPIC,0001,TEPIC,CENTRO ESTATAL DE CANCEROLOGÍA,21.5013648,-104.8973839,
OCSSA000985,SSA,SECRETARIA DE SALUD,20,OAXACA,067,OAXACA DE JUAREZ,0001,OAXACA DE JUAREZ,HG OAXACA DR. AURELIO VALDIVIESO,17.0820483,-96.7181727,
OCSSA001463,SSA,SECRETARIA DE SALUD,20,OAXACA,115,SAN BARTOLO COYOTEPEC,0001,SAN BARTOLO COYOTEPEC,HE DE LA NIÑEZ OAXAQUEÑA,16.9465851,-96.71092,
OCSSA002146,SSA,SECRETARIA DE SALUD,20,OAXACA,184,SAN JUAN BAUTISTA TUXTEPEC,0001,SAN JUAN BAUTISTA TUXTEPEC,HG TUXTEPEC,18.0873646,-96.1294493,
OCSSA007483,SSA,SECRETARIA DE SALUD,20,OAXACA,115,SAN BARTOLO COYOTEPEC,0001,SAN BARTOLO COYOTEPEC,HOSPITAL REGIONAL DE ALTA ESPECIALIDAD DE OAXACA,16.948091,-96.713217,
PLHUN000010,HUN,SERVICIOS MEDICOS UNIVERSITARIOS,21,PUEBLA,114,PUEBLA,0001,HEROICA PUEBLA DE ZARAGOZA,HOSPITAL UNIVERSITARIO DE PUEBLA,19.0400009,-98.2133055,
PLSME000020,SME,SERVICIOS MEDICOS ESTATALES,21,PUEBLA,114,PUEBLA,0001,HEROICA PUEBLA DE ZARAGOZA,HOSPITAL PARA EL NIÑO POBLANO,19.0453,-98.1975,
PLSMP002493,SMP,SERVICIOS MEDICOS PRIVADOS,21,PUEBLA,114,PUEBLA,0001,HEROICA PUEBLA DE ZARAGOZA,CHRISTUS MUGUERZA SISTEMAS HOSPITALARIOS S.A DE C.V HOSPITAL BETANIA,19.034002,-98.1880554,
PLSMP002732,SMP,SERVICIOS MEDICOS PRIVADOS,21,PUEBLA,114,PUEBLA,0001,HEROICA PUEBLA DE ZARAGOZA,OPERADORA DE HOSPITALES ANGELES SA DE CV,19.0215172,-98.2355929,
PLSSA002490,SSA,SECRETARIA DE SALUD,21,PUEBLA,114,PUEBLA,0001,HEROICA PUEBLA DE ZARAGOZA,HOSPITAL GENERAL DR EDUARDO VAZQUEZ N,18.9862587,-98.2421342,
PLSSA005710,SSA,SECRETARIA DE SALUD,21,PUEBLA,114,PUEBLA,0001,HEROICA PUEBLA DE ZARAGOZA,HOSPITAL DE LA MUJER,18.9860572,-98.2408335,
PLSSA005821,SSA,SECRETARIA DE SALUD,21,PUEBLA,114,PUEBLA,0001,HEROICA PUEBLA DE ZARAGOZA,UNIDAD DE ONCOLOGÍA,18.9853523,-98.241914,
PLSSA008485,SSA,SECRETARIA DE SALUD,21,PUEBLA,174,TEZIUTLAN,0001,TEZIUTLAN,HOSPITAL GENERAL DE TEZIUTLÁN,19.8219503,-97.3769416,
PLSSA009394,SSA,SECRETARIA DE SALUD,21,PUEBLA,114,PUEBLA,0001,HEROICA PUEBLA DE ZARAGOZA,HOSPITAL DE TRAUMATOLOGÍA Y ORTOPEDIA DOCTOR Y GENERAL RAFAEL MORENO VALLE,19.0866662,-98.1987049,
PLSSA015230,SSA,SECRETARIA DE SALUD,21,PUEBLA,114,PUEBLA,0001,HEROICA PUEBLA DE ZARAGOZA,HOSPITAL GENERAL DE LA ZONA NORTE  BICENTENARIO DE LA INDEPENDENCIA,19.079308,-98.1852166,
PLSSA015534,SSA,SECRETARIA DE SALUD,21,PUEBLA,114,PUEBLA,0001,HEROICA PUEBLA DE ZARAGOZA,UNIDAD DE QUEMADOS (ANEXO AL HOSPITAL DEL NIÑO POBLANO),19.0345283,-98.2437793,
QRSSA000023,SSA,SECRETARIA DE SALUD,23,QUINTANA ROO,002,FELIPE CARRILLO PUERTO,0001,FELIPE CARRILLO PUERTO,HOSPITAL GENERAL FELIPE CARRILLO PUERTO,19.571196,-88.0457058,
QRSSA000361,SSA,SECRETARIA DE SALUD,23,QUINTANA ROO,004,OTHON P. BLANCO,0001,CHETUMAL,HOSPITAL MATERNO INFANTIL MORELOS,18.502269,-88.298131,
QRSSA000373,SSA,SECRETARIA DE SALUD,23,QUINTANA ROO,004,OTHON P. BLANCO,0001,CHETUMAL,HOSPITAL GENERAL DE CHETUMAL,18.517,-88.304,
QRSSA001044,SSA,SECRETARIA DE SALUD,23,QUINTANA ROO,005,BENITO JUAREZ,0001,CANCUN,HOSPITAL GENERAL DE CANCUN DR. JESÚS KUMATE RODRÍGUEZ,21.1764,-86.826,
QRSSA018001,SSA,SECRETARIA DE SALUD,23,QUINTANA ROO,008,SOLIDARIDAD,0001,PLAYA DEL CARMEN,HOSPITAL GENERAL DE PLAYA DEL CARMEN,20.6448025,-87.0949994,
QRSSA018062,SSA,SECRETARIA DE SALUD,23,QUINTANA ROO,005,BENITO JUAREZ,0001,CANCUN,HOSPITAL GENERAL DE CANCÚN DR JESUS KUMATE RODRIGUEZ,21.19531,-86.87687,
QTSSA000475,SSA,SECRETARIA DE SALUD,22,QUERETARO,004,CADEREYTA DE MONTES,0001,CADEREYTA DE MONTES,HOSPITAL GENERAL CADEREYTA,20.7006297,-99.8156506,
QTSSA001052,SSA,SECRETARIA DE SALUD,22,QUERETARO,009,JALPAN DE SERRA,0001,JALPAN DE SERRA,HOSPITAL GENERAL JALPAN,21.218638,-99.476997,
QTSSA001740,SSA,SECRETARIA DE SALUD,22,QUERETARO,014,QUERETARO,0001,SANTIAGO DE QUERETARO,HOSPITAL DE ESPECIALIDADES DEL NIÑO Y LA MUJER DR. FELIPE NUÑEZ LARA,20.5783411,-100.3703179,
QTSSA001752,SSA,SECRETARIA DE SALUD,22,QUERETARO,014,QUERETARO,0001,SANTIAGO DE QUERETARO,HOSPITAL GENERAL QUERETARO,20.5797,-100.4053,
QTSSA002901,SSA,SECRETARIA DE SALUD,22,QUERETARO,014,QUERETARO,0001,SANTIAGO DE QUERETARO,HOSPITAL GENERAL DE QUERETARO,20.5747375,-100.4164841,
QTSSA012935,SSA,SECRETARIA DE SALUD,22,QUERETARO,016,SAN JUAN DEL RIO,0001,SAN JUAN DEL RIO,HOSPITAL GENERAL SAN JUAN DEL RÍO,20.3774792,-99.9540374,
SLSME000016,SME,SERVICIOS MEDICOS ESTATALES,25,SINALOA,006,CULIACAN,0001,CULIACAN ROSALES,HOSPITAL CIVIL DE CULIACÁN,24.8197395,-107.3958806,
SLSME000021,SME,SERVICIOS MEDICOS ESTATALES,25,SINALOA,006,CULIACAN,0001,CULIACAN ROSALES,HOSPITAL PEDIATRICO,24.798775,-107.3994245,
SLSSA000024,SSA,SECRETARIA DE SALUD,25,SINALOA,001,AHOME,0001,LOS MOCHIS,HOSPITAL GENERAL LOS MOCHIS,25.7710931,-108.988561,
SLSSA000666,SSA,SECRETARIA DE SALUD,25,SINALOA,006,CULIACAN,0001,CULIACAN ROSALES,HOSPITAL GENERAL CULIACÁN,24.7942929,-107.3866778,
SLSSA001540,SSA,SECRETARIA DE SALUD,25,SINALOA,012,MAZATLAN,0001,MAZATLAN,HOSPITAL GENERAL DE MAZATLÁN,23.2383,-106.4,
SLSSA002556,SSA,SECRETARIA DE SALUD,25,SINALOA,006,CULIACAN,0001,CULIACAN ROSALES,HOSPITAL PEDIÁTRICO DE SINALOA,24.798775,-107.3994245,
SLSSA002585,SSA,SECRETARIA DE SALUD,25,SINALOA,012,MAZATLAN,0001,MAZATLAN,HOSPITAL GENERAL DE MAZATLÁN,23.2919,-106.4527,
SLSSA017606,SSA,SECRETARIA DE SALUD,25,SINALOA,006,CULIACAN,0001,CULIACAN ROSALES,HOSPITAL DE LA MUJER,24.795667,-107.450432,
SPSSA000356,SSA,SECRETARIA DE SALUD,24,SAN LUIS POTOSI,013,CIUDAD VALLES,0001,CIUDAD VALLES,HOSPITAL GENERAL CD. VALLES,21.948257,-98.993798,
SPSSA000752,SSA,SECRETARIA DE SALUD,24,SAN LUIS POTOSI,020,MATEHUALA,0001,MATEHUALA,JURISDICCIÓN SANITARIA NO. II,23.655587,-100.642468,
SPSSA000945,SSA,SECRETARIA DE SALUD,24,SAN LUIS POTOSI,024,RIOVERDE,0001,RIOVERDE,HOSPITAL GENERAL DE RÍOVERDE,21.9196964,-99.9918851,
SPSSA001102,SSA,SECRETARIA DE SALUD,24,SAN LUIS POTOSI,028,SAN LUIS POTOSI,0001,SAN LUIS POTOSI,HOSPITAL CENTRAL DR. IGNACIO MORONES PRIETO,22.147998,-101.014679,
SPSSA017301,SSA,SECRETARIA DE SALUD,24,SAN LUIS POTOSI,028,SAN LUIS POTOSI,0001,SAN LUIS POTOSI,HOSPITAL DEL NIÑO Y LA MUJER DR. ALBERTO LÓPEZ HERMOSA,22.116164,-100.98585,
SPSSA017313,SSA,SECRETARIA DE SALUD,24,SAN LUIS POTOSI,035,SOLEDAD DE GRACIANO SANCHEZ,0001,SOLEDAD DE GRACIANO SANCHEZ,HOSPITAL GENERAL DE SOLEDAD DE GRACIANO SÁNCHEZ,22.164571,-100.938266,
SRSME000011,SME,SERVICIOS MEDICOS ESTATALES,26,SONORA,030,HERMOSILLO,0001,HERMOSILLO,CENTRO MÉDICO DR. IGNACIO CHÁVEZ,29.096611,-110.954414,
SRSSA000562,SSA,SECRETARIA DE SALUD,26,SONORA,018,CAJEME,0001,CIUDAD OBREGON,HOSPITAL GENERAL CD. OBREGÓN,27.4833703,-109.9548751,
SRSSA001105,SSA,SECRETARIA DE SALUD,26,SONORA,030,HERMOSILLO,0001,HERMOSILLO,HOSPITAL INFANTIL DEL ESTADO DE SONORA,29.1163811,-110.9718024,
SRSSA001110,SSA,SECRETARIA DE SALUD,26,SONORA,030,HERMOSILLO,0001,HERMOSILLO,HOSPITAL GENERAL DEL ESTADO DR. ERNESTO RAMOS BOURS,29.0864,-110.9622,
TCSSA001040,SSA,SECRETARIA DE SALUD,27,TABASCO,004,CENTRO,0001,VILLAHERMOSA,"HOSPITAL REGIONAL DE ALTA ESPECIALIDAD DEL NIÑO ""DR. RODOLFO NIETO PADRÓN""",17.977151,-92.952873,
TCSSA001052,SSA,SECRETARIA DE SALUD,27,TABASCO,004,CENTRO,0001,VILLAHERMOSA,HOSPITAL REGIONAL DE ALTA ESPECIALIDAD DR. GUSTAVO A. ROVIROSA PÉREZ,18.0124021,-92.9242407,
TCSSA001064,SSA,SECRETARIA DE SALUD,27,TABASCO,004,CENTRO,0001,VILLAHERMOSA,HOSPITAL REGIONAL DE ALTA ESPECIALIDAD DR. JUAN GRAHAM CASASUS,17.9788909,-92.9862357,
TCSSA001076,SSA,SECRETARIA DE SALUD,27,TABASCO,004,CENTRO,0001,VILLAHERMOSA,HOSPITAL REGIONAL DE ALTA ESPECIALIDAD DE LA MUJER,17.976466,-92.95339,
TCSSA003922,SSA,SECRETARIA DE SALUD,27,TABASCO,012,MACUSPANA,0141,LA ESCALERA,HOSPITAL GENERAL DE VILLA BENITO JUÁREZ,17.8447,-92.5293,
TCSSA017420,SSA,SECRETARIA DE SALUD,27,TABASCO,005,COMALCALCO,0001,COMALCALCO,"HOSPITAL GENERAL ""DR. DESIDERIO G. ROSADO CARBAJAL""",18.2662319,-93.2319501,
TLIST000042,IST,INSTITUTO DE SEGURIDAD Y SERVICIOS SOCIALES PARA LOS TRABAJADORES DEL ESTADO,29,TLAXCALA,033,TLAXCALA,0012,SAN GABRIEL CUAUHTLA,HG TLAXCALA,19.310708,-98.2366517,
TLSSA001142,SSA,SECRETARIA DE SALUD,29,TLAXCALA,033,TLAXCALA,0001,TLAXCALA DE XICOHTENCATL,H.G. TLAXCALA DE XICOHTENCATL,19.318608,-98.2440385,
TLSSA001376,SSA,SECRETARIA DE SALUD,29,TLAXCALA,038,TZOMPANTEPEC,0002,SAN ANDRES AHUASHUATEPEC,H.G.R. EMILIO SÁNCHEZ PIEDRAS,19.408775,-98.1179722,
TLSSA002344,SSA,SECRETARIA DE SALUD,29,TLAXCALA,002,APETATITLAN DE ANTONIO CARVAJAL,0003,SAN MATIAS TEPETOMATITLAN,HOSPITAL GENERAL TLAXCALA LIC. ANSELMO CERVANTES HERNANDEZ,19.3698807,-98.2164354,
TLSSA017645,SSA,SECRETARIA DE SALUD,29,TLAXCALA,002,APETATITLAN DE ANTONIO CARVAJAL,0003,SAN MATIAS TEPETOMATITLAN,HOSPITAL INFANTIL DE TLAXCALA,19.3683333,-98.2113333,
TLSSA017831,SSA,SECRETARIA DE SALUD,29,TLAXCALA,006,CALPULALPAN,0001,HEROICA CIUDAD DE CALPULALPAN,HOSPITAL GENERAL DE CALPULALPAN,19.5825618,-98.5367416,
TLSSA017913,SSA,SECRETARIA DE SALUD,29,TLAXCALA,002,APETATITLAN DE ANTONIO CARVAJAL,0003,SAN MATIAS TEPETOMATITLAN,HOSPITAL DE LA MUJER,19.3687028,-98.2125199,
TLSSA017983,SSA,SECRETARIA DE SALUD,29,TLAXCALA,013,HUAMANTLA,0001,HUAMANTLA,HOSPITAL GENERAL DE HUAMANTLA,19.3063,-97.9407917,
TSSSA000401,SSA,SECRETARIA DE SALUD,28,TAMAULIPAS,009,CIUDAD MADERO,0001,CIUDAD MADERO,HOSPITAL GENERAL CIVIL CIUDAD MADERO,22.254024,-97.823416,
TSSSA001031,SSA,SECRETARIA DE SALUD,28,TAMAULIPAS,022,MATAMOROS,0001,HEROICA MATAMOROS,HG HOSPITAL GENERAL DE MATAMOROS DR. ALFREDO PUMAREJO,25.8690129,-97.4966096,
TSSSA001550,SSA,SECRETARIA DE SALUD,28,TAMAULIPAS,027,NUEVO LAREDO,0001,NUEVO LAREDO,HOSPITAL GENERAL NUEVO LAREDO,27.485904,-99.504271,
TSSSA001562,SSA,SECRETARIA DE SALUD,28,TAMAULIPAS,027,NUEVO LAREDO,0001,NUEVO LAREDO,HOSPITAL GENERAL CIVIL NUEVO LAREDO,27.493243,-99.531614,
TSSSA001772,SSA,SECRETARIA DE SALUD,28,TAMAULIPAS,032,REYNOSA,0001,REYNOSA,HOSPITAL GENERAL REYNOSA DR. JOSÉ MARÍA CANTÚ GARZA,26.055749,-98.296918,
TSSSA002431,SSA,SECRETARIA DE SALUD,28,TAMAULIPAS,038,TAMPICO,0001,TAMPICO,HG HOSPITAL GENERAL TAMPICO DR. CARLOS CANSECO,22.252634,-97.8597915,
TSSSA002793,SSA,SECRETARIA DE SALUD,28,TAMAULIPAS,041,VICTORIA,0001,CIUDAD VICTORIA,HOSPITAL INFANTIL DE TAMAULIPAS,23.721794,-99.163718,
TSSSA002805,SSA,SECRETARIA DE SALUD,28,TAMAULIPAS,041,VICTORIA,0001,CIUDAD VICTORIA,HOSPITAL GENERAL CIVIL VICTORIA DR. JOSÉ MACÍAS HERNÁNDEZ,23.728095,-99.157253,
TSSSA002810,SSA,SECRETARIA DE SALUD,28,TAMAULIPAS,041,VICTORIA,0001,CIUDAD VICTORIA,HOSPITAL GENERAL DR. NORBERTO TREVIÑO ZAPATA,23.748326,-99.137855,
TSSSA003732,SSA,SECRETARIA DE SALUD,28,TAMAULIPAS,022,MATAMOROS,0001,HEROICA MATAMOROS,HOSPITAL GENERAL DE MATAMOROS,25.827131,-97.532805,
TSSSA005151,SSA,SECRETARIA DE SALUD,28,TAMAULIPAS,038,TAMPICO,0001,TAMPICO,HOSPITAL GENERAL DE TAMPICO DR. CARLOS CANSECO,22.253176,-97.859497,
TSSSA018000,SSA,SECRETARIA DE SALUD,28,TAMAULIPAS,021,EL MANTE,0001,CIUDAD MANTE,HOSPITAL GENERAL DE CD. MANTE DR. EMILIO MARTÍNEZ MANAUTOU,22.727022,-98.969549,
TSSSA018070,SSA,SECRETARIA DE SALUD,28,TAMAULIPAS,032,REYNOSA,0001,REYNOSA,HOSPITAL GENERAL MATERNO INFANTIL DE REYNOSA,26.050745,-98.379484,
TSSSA018292,SSA,SECRETARIA DE SALUD,28,TAMAULIPAS,041,VICTORIA,0001,CIUDAD VICTORIA,HOSPITAL REGIONAL DE ALTA ESPECIALIDAD EN CD VICTORIA BICENTENARIO 2010,23.761924,-99.107735,
TSSSA018514,SSA,SECRETARIA DE SALUD,28,TAMAULIPAS,003,ALTAMIRA,0203,SANTA AMALIA,HOSPITAL GENERAL ALTAMIRA DR RODOLFO TORRE CANTÚ,22.460086,-97.976746,
TSSSA018526,SSA,SECRETARIA DE SALUD,28,TAMAULIPAS,033,RIO BRAVO,0001,CIUDAD RIO BRAVO,HOSPITAL GENERAL RÍO BRAVO,25.994527,-98.123613,
TSSSA018951,SSA,SECRETARIA DE SALUD,28,TAMAULIPAS,040,VALLE HERMOSO,0001,VALLE HERMOSO,HOSPITAL GENERAL VALLE HERMOSO DR. RODOLFO TORRE CANTÙ,25.701958,-97.815852,
VZSMA000040,SMA,SECRETARIA DE MARINA,30,VERACRUZ DE IGNACIO DE LA LLAVE,193,VERACRUZ,0001,VERACRUZ,HOSPITAL NAVAL DE ESPECIALIDADES DE VERACRUZ,19.2004237,-96.1315607,
VZSSA001150,SSA,SECRETARIA DE SALUD,30,VERACRUZ DE IGNACIO DE LA LLAVE,039,COATZACOALCOS,0001,COATZACOALCOS,HOSPITAL REGIONAL DE COATZACOALCOS DR.VALENTIN GÓMEZ FARIAS,18.144901,-94.4244,
VZSSA002953,SSA,SECRETARIA DE SALUD,30,VERACRUZ DE IGNACIO DE LA LLAVE,087,XALAPA,0001,XALAPA-ENRIQUEZ,CENTRO ESTATAL DE CANCEROLOGÍA DR. MIGUEL DORANTES MESA,19.544702,-96.923411,
VZSSA002965,SSA,SECRETARIA DE SALUD,30,VERACRUZ DE IGNACIO DE LA LLAVE,087,XALAPA,0001,XALAPA-ENRIQUEZ,CENTRO DE ALTA ESPECIALIDAD  DR. RAFAEL LUCIO,19.551728,-96.935888,
VZSSA004860,SSA,SECRETARIA DE SALUD,30,VERACRUZ DE IGNACIO DE LA LLAVE,138,RIO BLANCO,0001,RIO BLANCO,HOSPITAL REGIONAL RÍO BLANCO,18.83506,-97.12501,
VZSSA006972,SSA,SECRETARIA DE SALUD,30,VERACRUZ DE IGNACIO DE LA LLAVE,193,VERACRUZ,0001,VERACRUZ,HOSPITAL DE ALTA ESPECIALIDAD DE VERACRUZ,19.18562,-96.1321,
VZSSA010212,SSA,SECRETARIA DE SALUD,30,VERACRUZ DE IGNACIO DE LA LLAVE,028,BOCA DEL RIO,0001,BOCA DEL RIO,HOSPITAL GENERAL DE  BOCA DEL RIO,19.10332,-96.108657,
VZSSA016035,SSA,SECRETARIA DE SALUD,30,VERACRUZ DE IGNACIO DE LA LLAVE,160,ALAMO TEMAPACHE,0001,ALAMO,HOSPITAL GENERAL ÁLAMO,20.88483,-97.6537,
YNIST000030,IST,INSTITUTO DE SEGURIDAD Y SERVICIOS SOCIALES PARA LOS TRABAJADORES DEL ESTADO,31,YUCATAN,050,MERIDA,0001,MERIDA,HR/HAE MÉRIDA,20.9956642,-89.6401182,
YNSDN000014,SDN,SECRETARIA DE LA DEFENSA NACIONAL,31,YUCATAN,050,MERIDA,0001,MERIDA,"HOSPITAL MILITAR REGIONAL DE ESPECIALIDADES DE MÉRIDA, YUC.",20.97082,-89.6434,
YNSMP000056,SMP,SERVICIOS MEDICOS PRIVADOS,31,YUCATAN,050,MERIDA,0001,MERIDA,CLÍNICA DE MÉRIDA SA DE CV,20.9863793,-89.6389544,
YNSMP000281,SMP,SERVICIOS MEDICOS PRIVADOS,31,YUCATAN,050,MERIDA,0001,MERIDA,STAR MEDICA,21.0155987,-89.5848048,
YNSMP000322,SMP,SERVICIOS MEDICOS PRIVADOS,31,YUCATAN,050,MERIDA,0001,MERIDA,INSTITUTO MÉDICO PANAMERICANO / CMA,20.9678,-89.6217,
YNSSA000565,SSA,SECRETARIA DE SALUD,31,YUCATAN,050,MERIDA,0001,MERIDA,HOSPITAL GENERAL DR. AGUSTIN O´HORÁN,20.9752422,-89.6407516,
YNSSA001224,SSA,SECRETARIA DE SALUD,31,YUCATAN,096,TIZIMIN,0001,TIZIMIN,HOSPITAL GENERAL SAN CARLOS,21.1340346,-88.1506375,
YNSSA013423,SSA,SECRETARIA DE SALUD,31,YUCATAN,050,MERIDA,0001,MERIDA,HOSPITAL REGIONAL DE ALTA ESPECIALIDAD DE LA PENÍNSULA DE YUCATÁN,21.0193421,-89.5819034,
YNSSA013440,SSA,SECRETARIA DE SALUD,31,YUCATAN,102,VALLADOLID,0001,VALLADOLID,HOSPITAL GENERAL DE VALLADOLID,20.7088887,-88.1895839,
ZSSDN000016,SDN,SECRETARIA DE LA DEFENSA NACIONAL,32,ZACATECAS,017,GUADALUPE,0001,GUADALUPE,"HOSPITAL MILITAR DE ZONA DE GUADALUPE, ZAC.",22.74923,-102.50257,
ZSSSA000152,SSA,SECRETARIA DE SALUD,32,ZACATECAS,010,FRESNILLO,0001,FRESNILLO,HOSPITAL GENERAL FRESNILLO (DR. JOSÉ HARO ÁVILA),23.17238,-102.912707,
ZSSSA012450,SSA,SECRETARIA DE SALUD,32,ZACATECAS,017,GUADALUPE,0001,GUADALUPE,HOSPITAL DE LA MUJER,22.744225,-102.500206,
ZSSSA013143,SSA,SECRETARIA DE SALUD,32,ZACATECAS,056,ZACATECAS,0001,ZACATECAS,HOSPITAL GENERAL ZACATECAS LUZ GONZÁLEZ COSIO,22.778268,-102.619871,
