id,CVE_ENT,CVE_MUN,municipio,población,enfermeras_total,tasa_total,enfermeras_primer,tasa_primer,enfermeras_segundo,tasa_segundo,enfermeras_tercer,tasa_tercer,enfermeras_apoyo,tasa_apoyo,enfermeras_escuelas,tasa_escuelas,enfermeras_no_aplica,tasa_no_aplica,enfermeras_no_asignado,tasa_no_asignado
1,02,001,Ensenada,443807,1410,3.177056694
2,02,002,Mexicali,1049792,3164,3.013930379
3,02,003,Tecate,108440,449,4.140538547
4,02,004,Tijuana,1922523,3344,1.739381011
5,02,005,Playas de Rosarito,126890,222,1.749546852
6,02,006,San Quintín,117568,261,2.219991835
7,02,007,San Felipe,19204,41,2.134971881
8888,8888,8888,No Disponible,0,533,0
9999,9999,9999,Total Baja California,3788224,9424,2.48770928
